Month,AT
January,29.6606451613
February,31.8760714286
March,37.3461290323
April,39.578
May,45.7487096774
June,52.884
July,55.8093548387
August,56.3119354839
September,54.0453333333
October,47.65
November,42.2566666667
December,30.4009677419
