Month,AT
1,29.6606451613
2,31.8760714286
3,37.3461290323
4,39.578
5,45.7487096774
6,52.884
7,55.8093548387
8,56.3119354839
9,54.0453333333
10,47.65
11,42.2566666667
12,30.4009677419
